date,age_group,cum_case,cum_admission,cum_death,cumFirstDose,newFirstDose,cumSecondDose,newSecondDose,cumThirdInjection,newThirdInjection,newSpring22,cumSpring22,new_case,new_death,new_admission,current_case,current_admission,,population_size
12/8/2020,00_17,245465,2556,37,5,0,1,0,0,0,0,0,3448,1,21,225375,2397,,10117000
12/8/2020,18_64,1067064,63561,5485,11812,3634,6002,94,1,0,0,0,11238,30,479,927284,55049,,36139000
12/8/2020,65_84,168740,83239,28117,3578,900,1956,59,0,0,0,0,1461,177,648,73448,51158,,9316000
12/8/2020,85+,71562,42183,22185,765,727,17,0,0,0,0,0,733,168,380,24267,17989,,1457000
12/9/2020,00_17,249094,2582,38,5,0,1,0,0,0,0,0,3629,1,26,228719,2421,,10117000
12/9/2020,18_64,1079101,64044,5520,18600,6788,6080,78,3,2,0,0,12037,35,483,937978,55474,,36139000
12/9/2020,65_84,170143,83863,28289,5153,1575,2023,67,0,0,0,0,1403,172,624,74126,51580,,9316000
12/9/2020,85+,72212,42600,22353,1971,1206,17,0,0,0,0,0,650,168,417,24454,18218,,1457000
12/10/2020,00_17,252940,2604,38,5,0,1,0,0,0,0,0,3846,0,22,232268,2442,,10117000
12/10/2020,18_64,1091956,64511,5550,26514,7914,6155,75,4,1,0,0,12855,30,467,949448,55889,,36139000
12/10/2020,65_84,171595,84494,28484,7273,2120,2067,44,0,0,0,0,1452,195,631,74844,51986,,9316000
12/10/2020,85+,72859,43003,22508,3690,1719,17,0,0,0,0,0,647,155,403,24651,18447,,1457000
12/11/2020,00_17,257150,2617,38,5,0,1,0,0,0,0,0,4210,0,13,236165,2454,,10117000
12/11/2020,18_64,1105490,64980,5586,34841,8327,6206,51,4,0,0,0,13534,36,469,961546,56299,,36139000
12/11/2020,65_84,173300,85088,28664,9563,2290,2099,32,1,1,0,0,1705,180,594,75833,52372,,9316000
12/11/2020,85+,73545,43374,22692,5455,1765,17,0,0,0,0,0,686,184,371,24917,18616,,1457000
12/12/2020,00_17,260517,2644,38,8,1,1,0,0,0,0,0,3367,0,27,239264,2480,,10117000
12/12/2020,18_64,1116690,65436,5610,42302,7461,6226,20,7,3,0,0,11200,24,456,971490,56710,,36139000
12/12/2020,65_84,174526,85761,28831,11207,1644,2104,5,1,0,0,0,1226,167,673,76298,52846,,9316000
12/12/2020,85+,74002,43804,22878,6811,1356,17,0,0,0,0,0,457,186,430,24912,18840,,1457000
12/13/2020,00_17,264414,2668,38,8,0,1,0,0,0,0,0,3897,0,24,242859,2502,,10117000
12/13/2020,18_64,1129200,65934,5626,46693,4391,6247,21,7,0,0,0,12510,16,498,982608,57168,,36139000
12/13/2020,65_84,176007,86414,28983,12110,903,2114,10,1,0,0,0,1481,152,653,77021,53316,,9316000
12/13/2020,85+,74510,44205,23078,7618,807,17,0,0,0,0,0,508,200,401,24982,19022,,1457000
12/14/2020,00_17,270576,2696,38,8,0,1,0,0,0,0,0,6162,0,28,248553,2529,,10117000
12/14/2020,18_64,1149847,66457,5666,54389,7696,6337,90,10,3,0,0,20647,40,523,1001258,57626,,36139000
12/14/2020,65_84,178210,87141,29182,14378,2268,2176,62,1,0,0,0,2203,199,727,78339,53809,,9316000
12/14/2020,85+,75477,44663,23253,9712,2094,18,1,0,0,0,0,967,175,458,25422,19283,,1457000
12/15/2020,00_17,276283,2725,38,9,1,1,0,0,0,0,0,5707,0,29,253823,2557,,10117000
12/15/2020,18_64,1170714,66972,5697,67493,13104,6413,76,13,3,0,0,20867,31,515,1020119,58085,,36139000
12/15/2020,65_84,180391,87895,29362,32644,18266,2218,42,1,0,0,0,2181,180,754,79610,54347,,9316000
12/15/2020,85+,76350,45095,23434,34790,25078,18,0,0,0,0,0,873,181,432,25801,19513,,1457000
12/16/2020,00_17,281771,2755,38,9,0,1,0,0,0,0,0,5488,0,30,258889,2585,,10117000
12/16/2020,18_64,1192769,67524,5724,83359,15866,6500,87,14,1,0,0,22055,27,552,1040047,58584,,36139000
12/16/2020,65_84,182678,88680,29536,63769,31125,2285,67,1,0,0,0,2287,174,785,80949,54921,,9316000
12/16/2020,85+,77137,45524,23587,79073,44283,18,0,0,0,0,0,787,153,429,26103,19769,,1457000
12/17/2020,00_17,286783,2787,38,12,3,1,0,0,0,0,0,5012,0,32,263511,2616,,10117000
12/17/2020,18_64,1214839,68137,5755,102608,19249,6600,100,18,4,0,0,22070,31,613,1059927,59137,,36139000
12/17/2020,65_84,184946,89461,29753,93673,29904,2356,71,1,0,0,0,2268,217,781,82274,55447,,9316000
12/17/2020,85+,77907,45971,23780,120959,41886,20,2,0,0,0,0,770,193,447,26371,20001,,1457000
12/18/2020,00_17,292189,2822,38,12,0,1,0,0,0,0,0,5406,0,35,268496,2649,,10117000
12/18/2020,18_64,1238459,68700,5785,122152,19544,6697,97,19,1,0,0,23620,30,563,1081297,59643,,36139000
12/18/2020,65_84,187418,90162,29967,117184,23511,2415,59,1,0,0,0,2472,214,701,83869,55901,,9316000
12/18/2020,85+,78720,46344,23971,151527,30568,20,0,0,0,0,0,813,191,373,26753,20166,,1457000
12/19/2020,00_17,295960,2847,38,15,3,1,0,0,0,0,0,3771,0,25,271973,2673,,10117000
12/19/2020,18_64,1254437,69333,5816,138621,16469,6712,15,23,4,0,0,15978,31,633,1095501,60215,,36139000
12/19/2020,65_84,189199,90916,30149,147505,30321,2417,2,1,0,0,0,1781,182,754,84768,56437,,9316000
12/19/2020,85+,79291,46744,24173,190010,38483,20,0,0,0,0,0,571,202,400,26883,20345,,1457000
12/20/2020,00_17,300762,2880,38,17,2,1,0,0,0,0,0,4802,0,33,276399,2704,,10117000
12/20/2020,18_64,1276494,70049,5850,160166,21545,6718,6,25,2,0,0,22057,34,716,1115266,60863,,36139000
12/20/2020,65_84,191328,91691,30347,171771,24266,2428,11,1,0,0,0,2129,198,775,85970,56977,,9316000
12/20/2020,85+,79782,47196,24371,219528,29518,20,0,0,0,0,0,491,198,452,26887,20577,,1457000
12/21/2020,00_17,307415,2915,38,20,3,1,0,0,0,0,0,6653,0,35,282541,2738,,10117000
12/21/2020,18_64,1308846,70797,5888,187106,26940,6765,47,30,5,0,0,32352,38,748,1144560,61537,,36139000
12/21/2020,65_84,194574,92547,30583,188333,16562,2460,32,1,0,0,0,3246,236,856,88128,57557,,9316000
12/21/2020,85+,80848,47671,24595,237899,18371,20,0,0,0,0,0,1066,224,475,27402,20805,,1457000
12/22/2020,00_17,313765,2955,38,22,2,1,0,0,0,0,0,6350,0,40,288398,2776,,10117000
12/22/2020,18_64,1339828,71581,5930,212282,25176,6815,50,36,6,0,0,30982,42,784,1172545,62242,,36139000
12/22/2020,65_84,197885,93458,30824,213554,25221,2471,11,1,0,0,0,3311,241,911,90292,58183,,9316000
12/22/2020,85+,81853,48139,24804,270046,32147,20,0,0,0,0,0,1005,209,468,27867,21042,,1457000
12/23/2020,00_17,319530,2981,38,25,3,1,0,0,0,0,0,5765,0,26,293725,2801,,10117000
12/23/2020,18_64,1368430,72301,5961,242116,29834,6841,26,39,3,0,0,28602,31,720,1198384,62897,,36139000
12/23/2020,65_84,200971,94259,31065,235404,21850,2476,5,3,2,0,0,3086,241,801,92356,58705,,9316000
12/23/2020,85+,82713,48554,25014,295329,25283,20,0,0,0,0,0,860,210,415,28250,21227,,1457000
12/24/2020,00_17,323882,3006,38,26,1,1,0,0,0,0,0,4352,0,25,297741,2824,,10117000
12/24/2020,18_64,1390378,72965,6006,256311,14195,6845,4,41,2,0,0,21948,45,664,1218100,63484,,36139000
12/24/2020,65_84,203299,94990,31299,241548,6144,2476,0,3,0,0,0,2328,234,731,93787,59167,,9316000
12/24/2020,85+,83341,48917,25224,301472,6143,20,0,0,0,0,0,628,210,363,28471,21363,,1457000
12/25/2020,00_17,325494,3029,38,26,0,1,0,0,0,0,0,1612,0,23,299215,2846,,10117000
12/25/2020,18_64,1400080,73715,6048,256519,208,6848,3,42,1,0,0,9702,42,750,1226359,64156,,36139000
12/25/2020,65_84,204551,95769,31575,241585,37,2476,0,3,0,0,0,1252,276,779,94171,59633,,9316000
12/25/2020,85+,83695,49299,25446,301498,26,20,0,0,0,0,0,354,222,382,28417,21505,,1457000
12/26/2020,00_17,330718,3058,38,26,0,1,0,0,0,0,0,5224,0,29,304037,2874,,10117000
12/26/2020,18_64,1428678,74574,6111,258163,1644,6853,5,42,0,0,0,28598,63,859,1252055,64911,,36139000
12/26/2020,65_84,207420,96687,31843,241707,122,2477,1,3,0,0,0,2869,268,918,95917,60239,,9316000
12/26/2020,85+,84426,49776,25686,301530,32,20,0,0,0,0,0,731,240,477,28619,21719,,1457000
12/27/2020,00_17,336530,3105,38,26,0,1,0,0,0,0,0,5812,0,47,309387,2919,,10117000
12/27/2020,18_64,1461965,75598,6165,262618,4455,6854,1,42,0,0,0,33287,54,1024,1281940,65833,,36139000
12/27/2020,65_84,210701,97679,32140,242099,392,2477,0,3,0,0,0,3281,297,992,97971,60887,,9316000
12/27/2020,85+,85264,50278,25918,301670,140,20,0,0,0,0,0,838,232,502,28895,21965,,1457000
12/28/2020,00_17,341742,3153,38,26,0,1,0,0,0,0,0,5212,0,48,314178,2964,,10117000
12/28/2020,18_64,1493122,76650,6220,270393,7775,6863,9,44,2,0,0,31157,55,1052,1309820,66780,,36139000
12/28/2020,65_84,214185,98791,32422,243021,922,2477,0,3,0,0,0,3484,282,1112,100095,61664,,9316000
12/28/2020,85+,86166,50837,26173,302057,387,20,0,0,0,0,0,902,255,559,29174,22243,,1457000
12/29/2020,00_17,351307,3190,38,27,1,1,0,0,0,0,0,9565,0,37,323023,3000,,10117000
12/29/2020,18_64,1549482,77747,6273,294126,23733,8310,1447,47,3,0,0,56360,53,1097,1361057,67771,,36139000
12/29/2020,65_84,220365,99939,32693,253337,10316,2883,406,3,0,0,0,6180,271,1148,104685,62487,,9316000
12/29/2020,85+,88043,51414,26430,312743,10686,404,384,0,0,0,0,1877,257,577,30340,22535,,1457000
12/30/2020,00_17,359875,3227,40,33,6,1,0,0,0,0,0,8568,2,37,330942,3033,,10117000
12/30/2020,18_64,1598119,78872,6329,340067,45941,11224,2914,49,2,0,0,48637,56,1125,1405095,68787,,36139000
12/30/2020,65_84,225921,101018,33001,280840,27503,3606,723,3,0,0,0,5556,308,1079,108765,63206,,9316000
12/30/2020,85+,89468,52011,26692,341411,28668,1016,612,0,0,0,0,1425,262,597,31066,22842,,1457000
12/31/2020,00_17,366305,3259,41,39,6,1,0,0,0,0,0,6430,1,32,336881,3062,,10117000
12/31/2020,18_64,1634091,79844,6406,382310,42243,14148,2924,56,7,0,0,35972,77,972,1437526,69635,,36139000
12/31/2020,65_84,230230,102059,33329,303868,23028,4537,931,3,0,0,0,4309,328,1041,111726,63870,,9316000
12/31/2020,85+,90529,52492,26939,360795,19384,1888,872,0,0,0,0,1061,247,481,31570,23053,,1457000
1/1/2021,00_17,370027,3299,41,42,3,1,0,0,0,0,0,3722,0,40,340297,3100,,10117000
1/1/2021,18_64,1655669,80945,6478,394895,12585,14848,700,57,1,0,0,21578,72,1101,1456461,70612,,36139000
1/1/2021,65_84,233004,103329,33636,310454,6586,4719,182,3,0,0,0,2774,307,1270,113031,64772,,9316000
1/1/2021,85+,91324,53091,27205,365338,4543,2095,207,0,0,0,0,795,266,599,31709,23357,,1457000
1/2/2021,00_17,377432,3338,41,46,4,1,0,0,0,0,0,7405,0,39,347134,3138,,10117000
1/2/2021,18_64,1697645,82107,6544,410883,15988,17784,2936,61,4,0,0,41976,66,1162,1494277,71653,,36139000
1/2/2021,65_84,237664,104649,33962,318598,8144,5642,923,3,0,0,0,4660,326,1320,116039,65703,,9316000
1/2/2021,85+,92641,53715,27485,370394,5056,2880,785,0,0,0,0,1317,280,624,32308,23672,,1457000
1/3/2021,00_17,384269,3382,42,48,2,1,0,0,0,0,0,6837,1,44,353439,3178,,10117000
1/3/2021,18_64,1736256,83416,6623,423213,12330,20296,2512,62,1,0,0,38611,79,1309,1528821,72820,,36139000
1/3/2021,65_84,241666,105983,34284,321123,2525,6292,650,4,1,0,0,4002,322,1334,118421,66652,,9316000
1/3/2021,85+,93779,54379,27738,371821,1427,3458,578,0,0,0,0,1138,253,664,32701,24051,,1457000
1/4/2021,00_17,393465,3435,42,51,3,1,0,0,0,0,0,9196,0,53,361925,3229,,10117000
1/4/2021,18_64,1789293,84763,6707,446878,23665,26451,6155,66,4,0,0,53037,84,1347,1576723,74019,,36139000
1/4/2021,65_84,248013,107432,34650,323886,2763,7951,1659,4,0,0,0,6347,366,1449,122865,67666,,9316000
1/4/2021,85+,95911,55117,28046,373122,1301,4911,1453,0,0,0,0,2132,308,738,33943,24446,,1457000
1/5/2021,00_17,400761,3484,43,59,8,1,0,0,0,0,0,7296,1,49,368651,3275,,10117000
1/5/2021,18_64,1833847,86161,6806,491029,44151,34477,8026,71,5,0,0,44554,99,1398,1616696,75252,,36139000
1/5/2021,65_84,253634,108937,35049,332560,8674,23087,15136,4,0,0,0,5621,399,1505,126580,68700,,9316000
1/5/2021,85+,97917,55858,28370,377781,4659,26128,21217,0,0,0,0,2006,324,741,35064,24828,,1457000
1/6/2021,00_17,407292,3533,43,63,4,1,0,0,0,0,0,6531,0,49,374666,3321,,10117000
1/6/2021,18_64,1873190,87673,6898,550511,59482,44187,9710,77,6,0,0,39343,92,1512,1651717,76600,,36139000
1/6/2021,65_84,258637,110571,35427,350502,17942,50609,27522,6,2,0,0,5003,378,1634,129591,69878,,9316000
1/6/2021,85+,99672,56630,28729,387727,9946,64653,38525,0,0,0,0,1755,359,772,35922,25204,,1457000
1/7/2021,00_17,413373,3581,43,71,8,3,2,0,0,0,0,6081,0,48,380265,3367,,10117000
1/7/2021,18_64,1908601,89092,6982,631624,81113,55657,11470,81,4,0,0,35411,84,1419,1683180,77867,,36139000
1/7/2021,65_84,263465,112144,35885,416002,65500,76665,26056,8,2,0,0,4828,458,1573,132502,70918,,9316000
1/7/2021,85+,101309,57439,29078,434382,46655,101545,36892,1,1,0,0,1637,349,809,36633,25625,,1457000
1/8/2021,00_17,418758,3627,44,82,11,3,0,0,0,0,0,5385,1,46,385219,3410,,10117000
1/8/2021,18_64,1940435,90368,7092,721303,89679,67610,11953,86,5,0,0,31834,110,1276,1711464,78972,,36139000
1/8/2021,65_84,267820,113632,36310,500519,84517,96305,19640,9,1,0,0,4355,425,1488,135058,71910,,9316000
1/8/2021,85+,103115,58177,29434,496507,62125,126617,25072,1,0,0,0,1806,356,738,37572,25972,,1457000
1/9/2021,00_17,423338,3655,45,93,11,4,1,0,0,0,0,4580,1,28,389444,3435,,10117000
1/9/2021,18_64,1967554,91724,7208,796245,74942,75626,8016,94,8,0,0,27119,116,1356,1735290,80148,,36139000
1/9/2021,65_84,271214,115199,36765,572035,71516,118843,22538,11,2,0,0,3394,455,1567,136642,72948,,9316000
1/9/2021,85+,104395,58944,29793,551722,55215,156064,29447,1,0,0,0,1280,359,767,37994,26344,,1457000
1/10/2021,00_17,427421,3689,45,100,7,4,0,0,0,0,0,4083,0,34,393201,3468,,10117000
1/10/2021,18_64,1993037,92957,7308,845213,48968,85723,10097,97,3,0,0,25483,100,1233,1757720,81222,,36139000
1/10/2021,65_84,274301,116716,37198,604757,32722,133765,14922,11,0,0,0,3087,433,1517,137992,73960,,9316000
1/10/2021,85+,105435,59731,30244,574927,23205,173587,17523,1,0,0,0,1040,451,787,38172,26642,,1457000
1/11/2021,00_17,433525,3726,45,104,4,5,1,0,0,0,0,6104,0,37,398832,3503,,10117000
1/11/2021,18_64,2033056,94435,7410,914696,69483,92190,6467,100,3,0,0,40019,102,1478,1793402,82528,,36139000
1/11/2021,65_84,279451,118306,37650,629792,25035,138597,4832,13,2,0,0,5150,452,1590,141184,75022,,9316000
1/11/2021,85+,107531,60520,30697,588682,13755,177830,4243,1,0,0,0,2096,453,789,39330,26941,,1457000
1/12/2021,00_17,438800,3771,45,112,8,5,0,0,0,0,0,5275,0,45,403686,3546,,10117000
1/12/2021,18_64,2067184,95983,7527,1000073,85377,96327,4137,105,5,0,0,34128,117,1548,1823545,83885,,36139000
1/12/2021,65_84,283940,119984,38188,677460,47668,141793,3196,14,1,0,0,4489,538,1678,143674,76082,,9316000
1/12/2021,85+,109494,61383,31137,623066,34384,180726,2896,1,0,0,0,1963,440,863,40290,27323,,1457000
1/13/2021,00_17,443968,3817,45,119,7,5,0,0,0,0,0,5168,0,46,408439,3590,,10117000
1/13/2021,18_64,2098597,97407,7668,1095754,95681,99349,3022,111,6,0,0,31413,141,1424,1851290,85100,,36139000
1/13/2021,65_84,287968,121608,38716,769682,92222,143359,1566,15,1,0,0,4028,528,1624,145790,77101,,9316000
1/13/2021,85+,111103,62127,31575,676204,53138,182420,1694,1,0,0,0,1609,438,744,41040,27593,,1457000
1/14/2021,00_17,448735,3854,45,129,10,5,0,0,0,0,0,4767,0,37,412828,3625,,10117000
1/14/2021,18_64,2128065,98814,7776,1200131,104377,101558,2209,114,3,0,0,29468,108,1407,1877246,86332,,36139000
1/14/2021,65_84,291775,123087,39222,877733,108051,144280,921,16,1,0,0,3807,506,1479,147846,78003,,9316000
1/14/2021,85+,112666,62882,32054,737702,61498,182993,573,2,1,0,0,1563,479,755,41736,27833,,1457000
1/15/2021,00_17,453516,3887,45,139,10,5,0,0,0,0,0,4781,0,33,417235,3656,,10117000
1/15/2021,18_64,2155999,100037,7885,1317516,117385,103135,1577,115,1,0,0,27934,109,1223,1901962,87388,,36139000
1/15/2021,65_84,295410,124450,39745,1002623,124890,144677,397,19,3,0,0,3635,523,1363,149859,78778,,9316000
1/15/2021,85+,114150,63551,32526,811795,74093,183305,312,2,0,0,0,1484,472,669,42445,27998,,1457000
1/16/2021,00_17,457161,3937,46,148,9,5,0,0,0,0,0,3645,1,50,420569,3703,,10117000
1/16/2021,18_64,2177264,101368,7999,1411652,94136,104054,919,117,2,0,0,21265,114,1331,1920377,88541,,36139000
1/16/2021,65_84,298017,125866,40324,1110853,108230,144888,211,21,2,0,0,2607,579,1416,150864,79548,,9316000
1/16/2021,85+,115029,64320,33006,884280,72485,183457,152,2,0,0,0,879,480,769,42492,28251,,1457000
1/17/2021,00_17,460536,3964,46,156,8,5,0,0,0,0,0,3375,0,27,423676,3729,,10117000
1/17/2021,18_64,2197656,102604,8116,1475300,63648,104681,627,118,1,0,0,20392,117,1236,1938076,89602,,36139000
1/17/2021,65_84,300401,127274,40867,1160297,49444,145018,130,21,0,0,0,2384,543,1408,151669,80346,,9316000
1/17/2021,85+,115832,65072,33520,914516,30236,183487,30,2,0,0,0,803,514,752,42486,28453,,1457000
1/18/2021,00_17,465624,4001,46,161,5,5,0,0,0,0,0,5088,0,37,428364,3764,,10117000
1/18/2021,18_64,2228835,103964,8254,1558030,82730,105314,633,119,1,0,0,31179,138,1360,1965668,90759,,36139000
1/18/2021,65_84,304357,128818,41402,1201948,41651,145218,200,21,0,0,0,3956,535,1544,153799,81281,,9316000
1/18/2021,85+,117474,65842,34018,934913,20397,183635,148,2,0,0,0,1642,498,770,43241,28688,,1457000
1/19/2021,00_17,470167,4049,48,183,22,5,0,0,0,0,0,4543,2,48,432534,3808,,10117000
1/19/2021,18_64,2256166,105426,8367,1652411,94381,106130,816,123,4,0,0,27331,113,1462,1989585,92038,,36139000
1/19/2021,65_84,307908,130323,42009,1339643,137695,145523,305,21,0,0,0,3551,607,1505,155591,82108,,9316000
1/19/2021,85+,119056,66594,34546,986705,51792,183848,213,2,0,0,0,1582,528,752,43958,28876,,1457000
1/20/2021,00_17,474281,4102,48,198,15,6,1,0,0,0,0,4114,0,53,436301,3858,,10117000
1/20/2021,18_64,2280163,106844,8494,1758144,105733,107162,1032,124,1,0,0,23997,127,1418,2010450,93262,,36139000
1/20/2021,65_84,311040,131767,42575,1494722,155079,145864,341,21,0,0,0,3132,566,1444,157055,82917,,9316000
1/20/2021,85+,120452,67355,35029,1031782,45077,184127,279,3,1,0,0,1396,483,761,44493,29118,,1457000
1/21/2021,00_17,477978,4135,48,213,15,6,0,0,0,0,0,3697,0,33,439701,3890,,10117000
1/21/2021,18_64,2302114,108114,8616,1870314,112170,108055,893,128,4,0,0,21951,122,1270,2029563,94349,,36139000
1/21/2021,65_84,313872,133077,43097,1684101,189379,146226,362,25,4,0,0,2832,522,1310,158375,83643,,9316000
1/21/2021,85+,121539,67974,35521,1074697,42915,184424,297,3,0,0,0,1087,492,619,44883,29216,,1457000
1/22/2021,00_17,481565,4178,48,226,13,6,0,0,0,0,0,3587,0,43,442989,3931,,10117000
1/22/2021,18_64,2322486,109345,8745,1995893,125579,108644,589,135,7,0,0,20372,129,1231,2047249,95393,,36139000
1/22/2021,65_84,316607,134240,43602,1955563,271462,146322,96,26,1,0,0,2735,505,1163,159752,84245,,9316000
1/22/2021,85+,122548,68550,36014,1128514,53817,184457,33,3,0,0,0,1009,493,576,45244,29271,,1457000
1/23/2021,00_17,484234,4214,48,254,28,6,0,0,0,0,0,2669,0,36,445431,3965,,10117000
1/23/2021,18_64,2337637,110361,8852,2103114,107221,109182,538,136,1,0,0,15151,107,1016,2060301,96253,,36139000
1/23/2021,65_84,318523,135365,44125,2250948,295385,146402,80,26,0,0,0,1916,523,1125,160406,84794,,9316000
1/23/2021,85+,123221,69153,36451,1170962,42448,184482,25,3,0,0,0,673,437,603,45266,29409,,1457000
1/24/2021,00_17,486279,4253,48,266,12,6,0,0,0,0,0,2045,0,39,447291,4002,,10117000
1/24/2021,18_64,2349411,111456,8948,2163238,60124,109632,450,136,0,0,0,11774,96,1095,2070139,97200,,36139000
1/24/2021,65_84,320041,136488,44601,2362025,111077,146462,60,27,1,0,0,1518,476,1123,160692,85387,,9316000
1/24/2021,85+,123753,69720,36921,1183855,12893,184504,22,3,0,0,0,532,470,567,45193,29479,,1457000
1/25/2021,00_17,489757,4295,48,278,12,6,0,0,0,0,0,3478,0,42,450479,4042,,10117000
1/25/2021,18_64,2369928,112512,9064,2236713,73475,110119,487,138,2,0,0,20517,116,1056,2088135,98090,,36139000
1/25/2021,65_84,322805,137556,45078,2458561,96536,146536,74,28,1,0,0,2764,477,1068,162191,85927,,9316000
1/25/2021,85+,124921,70203,37403,1197700,13845,184534,30,3,0,0,0,1168,482,483,45795,29457,,1457000
1/26/2021,00_17,492911,4338,48,292,14,6,0,0,0,0,0,3154,0,43,453365,4083,,10117000
1/26/2021,18_64,2388396,113580,9167,2322348,85635,110556,437,142,4,0,0,18468,103,1068,2104216,99004,,36139000
1/26/2021,65_84,325294,138672,45517,2576990,118429,146608,72,31,3,0,0,2489,439,1116,163386,86551,,9316000
1/26/2021,85+,125990,70775,37829,1213179,15479,184561,27,4,1,0,0,1069,426,572,46215,29575,,1457000
1/27/2021,00_17,495962,4367,48,309,17,6,0,0,0,0,0,3051,0,29,456169,4111,,10117000
1/27/2021,18_64,2406059,114655,9266,2412721,90373,111081,525,146,4,0,0,17663,99,1075,2119542,99929,,36139000
1/27/2021,65_84,327544,139743,45979,2700172,123182,146696,88,31,0,0,0,2250,462,1071,164405,87109,,9316000
1/27/2021,85+,126899,71342,38280,1227536,14357,184593,32,5,1,0,0,909,451,567,46492,29664,,1457000
1/28/2021,00_17,498770,4400,48,338,29,6,0,0,0,0,0,2808,0,33,458743,4142,,10117000
1/28/2021,18_64,2422718,115709,9370,2510806,98085,112050,969,149,3,0,0,16659,104,1054,2133957,100829,,36139000
1/28/2021,65_84,329724,140834,46437,2908948,208776,146883,187,32,1,0,0,2180,458,1091,165338,87690,,9316000
1/28/2021,85+,127739,71883,38739,1245882,18346,184657,64,6,1,0,0,840,459,541,46731,29721,,1457000
1/29/2021,00_17,501552,4441,50,383,45,7,1,0,0,0,0,2782,2,41,461285,4179,,10117000
1/29/2021,18_64,2437391,116629,9472,2623926,113120,113885,1835,151,2,0,0,14673,102,920,2146662,101603,,36139000
1/29/2021,65_84,331821,141780,46882,3239414,330466,147299,416,38,6,0,0,2097,445,946,166339,88146,,9316000
1/29/2021,85+,128534,72355,39135,1263480,17598,184737,80,6,0,0,0,795,396,472,46998,29774,,1457000
1/30/2021,00_17,503711,4473,50,422,39,8,1,0,0,0,0,2159,0,32,463258,4210,,10117000
1/30/2021,18_64,2448878,117432,9558,2722988,99062,115807,1922,156,5,0,0,11487,86,803,2156526,102282,,36139000
1/30/2021,65_84,333269,142662,47250,3576468,337054,147679,380,45,7,0,0,1448,368,882,166802,88618,,9316000
1/30/2021,85+,128957,72832,39514,1276439,12959,184810,73,8,2,0,0,423,379,477,46913,29849,,1457000
1/31/2021,00_17,505539,4502,51,468,46,10,2,0,0,0,0,1828,1,29,464927,4236,,10117000
1/31/2021,18_64,2459453,118253,9647,2791878,68890,117656,1849,158,2,0,0,10575,89,821,2165524,102974,,36139000
1/31/2021,65_84,334558,143570,47642,3775784,199316,148127,448,46,1,0,0,1289,392,908,167091,89091,,9316000
1/31/2021,85+,129392,73257,39845,1281083,4644,184942,132,8,0,0,0,435,331,425,46892,29923,,1457000
2/1/2021,00_17,508128,4546,51,492,24,10,0,0,0,0,0,2589,0,44,467287,4278,,10117000
2/1/2021,18_64,2474785,119178,9729,2860551,68673,118825,1169,160,2,0,0,15332,82,925,2178836,103773,,36139000
2/1/2021,65_84,336538,144492,48027,3955659,179875,148335,208,47,1,0,0,1980,385,922,168007,89584,,9316000
2/1/2021,85+,130237,73713,40188,1287787,6704,184978,36,8,0,0,0,845,343,456,47221,30014,,1457000
2/2/2021,00_17,510544,4585,51,517,25,11,1,0,0,0,0,2416,0,39,469491,4315,,10117000
2/2/2021,18_64,2488024,119956,9818,2941784,81233,119881,1056,163,3,0,0,13239,89,778,2190352,104425,,36139000
2/2/2021,65_84,338275,145440,48365,4156064,200405,148551,216,51,4,0,0,1737,338,948,168672,90149,,9316000
2/2/2021,85+,131020,74170,40524,1294698,6911,185056,78,10,2,0,0,783,336,457,47491,30114,,1457000
2/3/2021,00_17,512926,4614,53,561,44,11,0,0,0,0,0,2382,2,29,471674,4341,,10117000
2/3/2021,18_64,2501192,120722,9919,3039739,97955,121819,1938,163,0,0,0,13168,101,766,2201813,105054,,36139000
2/3/2021,65_84,339977,146302,48726,4404696,248632,148899,348,55,4,0,0,1702,361,862,169390,90609,,9316000
2/3/2021,85+,131689,74609,40844,1301961,7263,185169,113,10,0,0,0,669,320,439,47673,30212,,1457000
2/4/2021,00_17,515379,4641,53,616,55,11,0,0,0,0,0,2453,0,27,473925,4367,,10117000
2/4/2021,18_64,2513343,121453,10000,3146957,107218,124248,2429,164,1,0,0,12151,81,731,2212365,105669,,36139000
2/4/2021,65_84,341486,147073,49027,4670412,265716,149255,356,59,4,0,0,1509,301,771,170021,91042,,9316000
2/4/2021,85+,132264,74986,41114,1309592,7631,185248,79,11,1,0,0,575,270,377,47830,30301,,1457000
2/5/2021,00_17,517329,4668,54,662,46,11,0,0,0,0,0,1950,1,27,475708,4391,,10117000
2/5/2021,18_64,2523874,122147,10077,3260231,113274,125834,1586,165,1,0,0,10531,77,694,2221450,106253,,36139000
2/5/2021,65_84,342888,147765,49324,4940053,269641,149544,289,61,2,0,0,1402,297,692,170631,91404,,9316000
2/5/2021,85+,132831,75329,41417,1316859,7267,185304,56,12,1,0,0,567,303,343,48014,30324,,1457000
2/6/2021,00_17,518838,4682,54,706,44,11,0,0,0,0,0,1509,0,14,477096,4405,,10117000
2/6/2021,18_64,2531975,122794,10150,3390820,130589,126385,551,165,0,0,0,8101,73,647,2228325,106796,,36139000
2/6/2021,65_84,343906,148416,49619,5267230,327177,149658,114,64,3,0,0,1018,295,651,170925,91729,,9316000
2/6/2021,85+,133150,75696,41661,1321789,4930,185314,10,12,0,0,0,319,244,367,47943,30430,,1457000
2/7/2021,00_17,520288,4707,54,730,24,11,0,0,0,0,0,1450,0,25,478417,4428,,10117000
2/7/2021,18_64,2539702,123468,10219,3451323,60503,126726,341,166,1,0,0,7727,69,674,2234826,107369,,36139000
2/7/2021,65_84,344849,149038,49903,5424071,156841,149733,75,65,1,0,0,943,284,622,171178,92037,,9316000
2/7/2021,85+,133478,76045,41878,1324142,2353,185327,13,12,0,0,0,328,217,349,47898,30545,,1457000
2/8/2021,00_17,522178,4743,54,764,34,11,0,0,0,0,0,1890,0,36,480136,4463,,10117000
2/8/2021,18_64,2550266,124158,10285,3520293,68970,127687,961,170,4,0,0,10564,66,690,2243946,107960,,36139000
2/8/2021,65_84,346170,149723,50198,5580707,156636,149865,132,70,5,0,0,1321,295,685,171720,92395,,9316000
2/8/2021,85+,134041,76369,42131,1328253,4111,185346,19,12,0,0,0,563,253,324,48097,30601,,1457000
2/9/2021,00_17,523844,4762,54,818,54,12,1,0,0,0,0,1666,0,19,481664,4481,,10117000
2/9/2021,18_64,2559681,124756,10358,3608451,88158,129857,2170,172,2,0,0,9415,73,598,2252090,108457,,36139000
2/9/2021,65_84,347315,150341,50438,5785528,204821,150197,332,73,3,0,0,1145,240,618,172165,92743,,9316000
2/9/2021,85+,134495,76665,42360,1333199,4946,185403,57,14,2,0,0,454,229,296,48223,30654,,1457000
2/10/2021,00_17,525399,4789,54,869,51,12,0,0,0,0,0,1555,0,27,483081,4506,,10117000
2/10/2021,18_64,2568833,125335,10423,3704950,96499,132926,3069,175,3,0,0,9152,65,579,2260009,108943,,36139000
2/10/2021,65_84,348431,150969,50698,6009006,223478,150939,742,75,2,0,0,1116,260,628,172574,93082,,9316000
2/10/2021,85+,134928,76966,42580,1339073,5874,186007,604,14,0,0,0,433,220,301,48324,30720,,1457000
2/11/2021,00_17,527001,4815,54,980,111,12,0,0,0,0,0,1602,0,26,484543,4531,,10117000
2/11/2021,18_64,2577441,125921,10487,3817390,112440,136049,3123,180,5,0,0,8608,64,586,2267417,109437,,36139000
2/11/2021,65_84,349451,151498,50944,6273743,264737,151827,888,79,4,0,0,1020,246,529,172992,93339,,9316000
2/11/2021,85+,135302,77265,42783,1344379,5306,186436,429,16,2,0,0,374,203,299,48372,30802,,1457000
2/12/2021,00_17,528508,4828,54,1093,113,13,1,0,0,0,0,1507,0,13,485929,4544,,10117000
2/12/2021,18_64,2585545,126444,10539,3952716,135326,139129,3080,184,4,0,0,8104,52,523,2274419,109883,,36139000
2/12/2021,65_84,350440,152066,51171,6555352,281609,152640,813,80,1,0,0,989,227,568,173342,93653,,9316000
2/12/2021,85+,135677,77479,42963,1349609,5230,186729,293,18,2,0,0,375,180,214,48506,30826,,1457000
2/13/2021,00_17,529656,4846,54,1179,86,13,0,0,0,0,0,1148,0,18,486977,4561,,10117000
2/13/2021,18_64,2591513,126953,10587,4093264,140548,140923,1794,190,6,0,0,5968,48,509,2279451,110320,,36139000
2/13/2021,65_84,351107,152522,51393,6842081,286729,153101,461,84,4,0,0,667,222,456,173505,93866,,9316000
2/13/2021,85+,135896,77736,43125,1352956,3347,186793,64,18,0,0,0,219,162,257,48453,30909,,1457000
2/14/2021,00_17,530706,4871,54,1201,22,13,0,0,0,0,0,1050,0,25,487927,4585,,10117000
2/14/2021,18_64,2597393,127512,10633,4165413,72149,141596,673,192,2,0,0,5880,46,559,2284352,110807,,36139000
2/14/2021,65_84,351739,153038,51598,6950734,108653,153213,112,84,0,0,0,632,205,516,173576,94152,,9316000
2/14/2021,85+,136096,78000,43313,1354075,1119,186810,17,18,0,0,0,200,188,264,48374,30972,,1457000
2/15/2021,00_17,532270,4891,55,1246,45,13,0,0,0,0,0,1564,1,20,489359,4603,,10117000
2/15/2021,18_64,2607143,128026,10683,4244923,79510,143003,1407,193,1,0,0,9750,50,514,2292892,111246,,36139000
2/15/2021,65_84,352902,153566,51815,7067451,116717,153478,265,88,4,0,0,1163,217,528,174128,94438,,9316000
2/15/2021,85+,136555,78260,43507,1356173,2098,186857,47,18,0,0,0,459,194,260,48541,31026,,1457000
2/16/2021,00_17,533639,4910,55,1417,171,14,1,0,0,0,0,1369,0,19,490611,4621,,10117000
2/16/2021,18_64,2615724,128566,10727,4393557,148634,145621,2618,197,4,0,0,8581,44,540,2300320,111716,,36139000
2/16/2021,65_84,353877,154079,52008,7221783,154332,154219,741,88,0,0,0,975,193,513,174521,94733,,9316000
2/16/2021,85+,136885,78499,43667,1358186,2013,186977,120,19,1,0,0,330,160,239,48608,31093,,1457000
2/17/2021,00_17,534960,4926,55,1735,318,14,0,0,0,0,0,1321,0,16,491822,4636,,10117000
2/17/2021,18_64,2623639,129073,10776,4634037,240480,149341,3720,201,4,0,0,7915,49,507,2307163,112150,,36139000
2/17/2021,65_84,354725,154553,52196,7393622,171839,155170,951,91,3,0,0,848,188,474,174834,94997,,9316000
2/17/2021,85+,137199,78735,43816,1360196,2010,187254,277,20,1,0,0,314,149,236,48664,31169,,1457000
2/18/2021,00_17,536244,4939,55,2076,341,15,1,0,0,0,0,1284,0,13,493001,4648,,10117000
2/18/2021,18_64,2631499,129536,10826,4877096,243059,153383,4042,207,6,0,0,7860,50,463,2313998,112541,,36139000
2/18/2021,65_84,355561,155018,52369,7540928,147306,156096,926,97,6,0,0,836,173,465,175145,95267,,9316000
2/18/2021,85+,137508,78943,43961,1362151,1955,187449,195,22,2,0,0,309,145,208,48743,31222,,1457000
2/19/2021,00_17,537489,4961,56,2324,248,15,0,0,0,0,0,1245,1,22,494135,4668,,10117000
2/19/2021,18_64,2638459,129971,10874,5086085,208989,157107,3724,209,2,0,0,6960,48,435,2320026,112907,,36139000
2/19/2021,65_84,356363,155435,52530,7645622,104694,156858,762,100,3,0,0,802,161,417,175473,95503,,9316000
2/19/2021,85+,137736,79137,44067,1363717,1566,187585,136,22,0,0,0,228,106,194,48760,31301,,1457000
2/20/2021,00_17,538548,4978,56,2499,175,15,0,0,0,0,0,1059,0,17,495102,4684,,10117000
2/20/2021,18_64,2643798,130365,10915,5299215,213130,159518,2411,212,3,0,0,5339,41,394,2324590,113242,,36139000
2/20/2021,65_84,356940,155754,52672,7739002,93380,157286,428,101,1,0,0,577,142,319,175690,95665,,9316000
2/20/2021,85+,137915,79304,44189,1364726,1009,187687,102,22,0,0,0,179,122,167,48759,31338,,1457000
2/21/2021,00_17,539515,4996,56,2563,64,15,0,0,0,0,0,967,0,18,495982,4702,,10117000
2/21/2021,18_64,2649175,130794,10960,5376726,77511,161654,2136,212,0,0,0,5377,45,429,2329154,113605,,36139000
2/21/2021,65_84,357454,156125,52810,7771570,32568,157552,266,102,1,0,0,514,138,371,175796,95880,,9316000
2/21/2021,85+,138076,79491,44293,1365049,323,187745,58,22,0,0,0,161,104,187,48722,31412,,1457000
2/22/2021,00_17,540921,5017,56,2629,66,15,0,0,0,0,0,1406,0,21,497266,4722,,10117000
2/22/2021,18_64,2656881,131229,10998,5474846,98120,166336,4682,214,2,0,0,7706,38,435,2335874,113982,,36139000
2/22/2021,65_84,358279,156490,52920,7817057,45487,158247,695,103,1,0,0,825,110,365,176197,96118,,9316000
2/22/2021,85+,138407,79636,44387,1365907,858,188001,256,22,0,0,0,331,94,145,48884,31456,,1457000
2/23/2021,00_17,542113,5042,56,3004,375,16,1,0,0,0,0,1192,0,25,498348,4745,,10117000
2/23/2021,18_64,2663298,131678,11046,5691220,216374,173884,7548,220,6,0,0,6417,48,449,2341384,114361,,36139000
2/23/2021,65_84,358938,156843,53038,7880286,63229,159924,1677,105,2,0,0,659,118,353,176456,96336,,9316000
2/23/2021,85+,138654,79785,44479,1367188,1281,188921,920,22,0,0,0,247,92,149,48965,31506,,1457000
2/24/2021,00_17,543154,5056,56,3590,586,16,0,0,0,0,0,1041,0,14,499301,4759,,10117000
2/24/2021,18_64,2669092,132071,11072,6002457,311237,185055,11171,230,10,0,0,5794,26,393,2346371,114709,,36139000
2/24/2021,65_84,359481,157159,53157,7966802,86516,162722,2798,106,1,0,0,543,119,316,176644,96518,,9316000
2/24/2021,85+,138878,79936,44575,1368558,1370,190367,1446,22,0,0,0,224,96,151,49022,31554,,1457000
2/25/2021,00_17,544135,5076,56,4257,667,21,5,0,0,0,0,981,0,20,500192,4778,,10117000
2/25/2021,18_64,2674253,132455,11095,6345950,343493,197969,12914,238,8,0,0,5161,23,384,2350779,115052,,36139000
2/25/2021,65_84,360026,157445,53257,8058581,91779,165933,3211,106,0,0,0,545,100,286,176864,96690,,9316000
2/25/2021,85+,139111,80078,44674,1370088,1530,192051,1684,24,2,0,0,233,99,142,49096,31590,,1457000
2/26/2021,00_17,545008,5093,56,5020,763,23,2,0,0,0,0,873,0,17,500985,4794,,10117000
2/26/2021,18_64,2678661,132758,11124,6697870,351920,210243,12274,249,11,0,0,4408,29,303,2354570,115312,,36139000
2/26/2021,65_84,360473,157704,53350,8153098,94517,169131,3198,107,1,0,0,447,93,259,177020,96844,,9316000
2/26/2021,85+,139260,80217,44749,1371383,1295,193621,1570,24,0,0,0,149,75,139,49095,31648,,1457000
2/27/2021,00_17,545587,5096,56,5578,558,28,5,0,0,0,0,579,0,3,501520,4797,,10117000
2/27/2021,18_64,2681932,133037,11154,7001119,303249,220755,10512,251,2,0,0,3271,30,279,2357328,115547,,36139000
2/27/2021,65_84,360780,157932,53447,8225330,72232,172214,3083,108,1,0,0,307,97,228,177078,96964,,9316000
2/27/2021,85+,139355,80331,44819,1372139,756,195401,1780,24,0,0,0,95,70,114,49070,31686,,1457000
2/28/2021,00_17,546152,5113,57,5712,134,28,0,0,0,0,0,565,1,17,502028,4812,,10117000
2/28/2021,18_64,2685097,133331,11193,7119195,118076,227354,6599,253,2,0,0,3165,39,294,2359973,115788,,36139000
2/28/2021,65_84,361078,158171,53545,8263523,38193,173895,1681,109,1,0,0,298,98,239,177115,97094,,9316000
2/28/2021,85+,139436,80443,44881,1372379,240,196502,1101,24,0,0,0,81,62,112,49033,31731,,1457000
3/1/2021,00_17,547056,5124,57,5745,33,28,0,0,0,0,0,904,0,11,502856,4823,,10117000
3/1/2021,18_64,2689728,133653,11224,7227780,108585,236093,8739,261,8,0,0,4631,31,322,2363951,116064,,36139000
3/1/2021,65_84,361538,158427,53635,8300253,36730,175760,1865,110,1,0,0,460,90,256,177286,97247,,9316000
3/1/2021,85+,139650,80558,44952,1372912,533,197830,1328,26,2,0,0,214,71,115,49117,31769,,1457000
3/2/2021,00_17,547978,5141,58,5813,68,29,1,0,0,0,0,922,1,17,503695,4838,,10117000
3/2/2021,18_64,2694133,133941,11246,7359411,131631,250569,14476,270,9,0,0,4405,22,288,2367753,116316,,36139000
3/2/2021,65_84,361977,158688,53716,8339578,39325,182678,6918,113,3,0,0,439,81,261,177433,97415,,9316000
3/2/2021,85+,139824,80675,45005,1373672,760,204469,6639,29,3,0,0,174,53,117,49161,31828,,1457000
3/3/2021,00_17,548851,5158,58,5928,115,34,5,0,0,0,0,873,0,17,504489,4854,,10117000
3/3/2021,18_64,2698068,134209,11265,7543767,184356,269394,18825,275,5,0,0,3935,19,268,2371139,116553,,36139000
3/3/2021,65_84,362330,158899,53775,8382857,43279,194843,12165,117,4,0,0,353,59,211,177550,97557,,9316000
3/3/2021,85+,139956,80786,45053,1374468,796,217713,13244,30,1,0,0,132,48,111,49173,31886,,1457000
3/4/2021,00_17,549766,5171,58,6163,235,36,2,0,0,0,0,915,0,13,505326,4866,,10117000
3/4/2021,18_64,2701687,134474,11287,7809633,265866,288782,19388,280,5,0,0,3619,22,265,2374235,116783,,36139000
3/4/2021,65_84,362667,159108,53825,8436390,53533,206841,11998,122,5,0,0,337,50,209,177654,97706,,9316000
3/4/2021,85+,140081,80895,45111,1375484,1016,230664,12951,34,4,0,0,125,58,109,49180,31931,,1457000
3/5/2021,00_17,550687,5183,58,6496,333,37,1,0,0,0,0,921,0,12,506169,4878,,10117000
3/5/2021,18_64,2705085,134700,11302,8138364,328731,306111,17329,283,3,0,0,3398,15,226,2377164,116983,,36139000
3/5/2021,65_84,362964,159267,53913,8492767,56377,217485,10644,128,6,0,0,297,88,159,177771,97769,,9316000
3/5/2021,85+,140185,80985,45164,1376688,1204,238768,8104,39,5,0,0,104,53,90,49186,31964,,1457000
3/6/2021,00_17,551406,5193,59,6695,199,40,3,0,0,0,0,719,1,10,506826,4886,,10117000
3/6/2021,18_64,2707884,134923,11321,8475513,337149,316626,10515,288,5,0,0,2799,19,223,2379540,117177,,36139000
3/6/2021,65_84,363198,159447,53977,8544046,51279,223479,5994,130,2,0,0,234,64,180,177808,97877,,9316000
3/6/2021,85+,140256,81100,45209,1377361,673,243480,4712,41,2,0,0,71,45,115,49137,32029,,1457000
3/7/2021,00_17,552020,5199,59,6722,27,42,2,0,0,0,0,614,0,6,507391,4892,,10117000
3/7/2021,18_64,2710653,135145,11345,8596024,120511,322413,5787,289,1,0,0,2769,24,222,2381889,117364,,36139000
3/7/2021,65_84,363417,159596,54034,8563716,19670,224922,1443,130,0,0,0,219,57,149,177862,97962,,9316000
3/7/2021,85+,140326,81184,45243,1377546,185,244560,1080,41,0,0,0,70,34,84,49118,32075,,1457000
3/8/2021,00_17,553294,5212,59,6754,32,44,2,0,0,0,0,1274,0,13,508561,4904,,10117000
3/8/2021,18_64,2714704,135392,11375,8737962,141938,339317,16904,297,8,0,0,4051,30,247,2385404,117569,,36139000
3/8/2021,65_84,363771,159770,54082,8588598,24882,228662,3740,130,0,0,0,354,48,174,178017,98079,,9316000
3/8/2021,85+,140456,81251,45287,1377962,416,246629,2069,42,1,0,0,130,44,67,49172,32094,,1457000
3/9/2021,00_17,554520,5229,59,6813,59,45,1,0,0,0,0,1226,0,17,509682,4921,,10117000
3/9/2021,18_64,2718535,135585,11391,8891561,153599,365224,25907,306,9,0,0,3831,16,193,2388768,117737,,36139000
3/9/2021,65_84,364078,159947,54140,8611074,22476,239458,10796,134,4,0,0,307,58,177,178125,98190,,9316000
3/9/2021,85+,140568,81347,45330,1378558,596,257213,10584,42,0,0,0,112,43,96,49180,32143,,1457000
3/10/2021,00_17,555619,5243,59,6965,152,48,3,0,0,0,0,1099,0,14,510688,4934,,10117000
3/10/2021,18_64,2722263,135810,11406,9072882,181321,397073,31849,324,18,0,0,3728,15,225,2392005,117936,,36139000
3/10/2021,65_84,364350,160105,54193,8632527,21453,258385,18927,136,2,0,0,272,53,158,178220,98287,,9316000
3/10/2021,85+,140686,81444,45361,1379165,607,275152,17939,44,2,0,0,118,31,97,49193,32204,,1457000
3/11/2021,00_17,556754,5253,59,7229,264,50,2,0,0,0,0,1135,0,10,511732,4943,,10117000
3/11/2021,18_64,2725625,136023,11422,9197423,124541,423339,26266,341,17,0,0,3362,16,213,2394914,118123,,36139000
3/11/2021,65_84,364607,160256,54248,8644849,12322,271604,13219,143,7,0,0,257,55,151,178307,98376,,9316000
3/11/2021,85+,140772,81519,45400,1379621,456,288224,13072,46,2,0,0,86,39,75,49197,32237,,1457000
3/12/2021,00_17,557915,5261,59,7489,260,51,1,0,0,0,0,1161,0,8,512802,4951,,10117000
3/12/2021,18_64,2728837,136216,11441,9484938,287515,451911,28572,352,11,0,0,3212,19,193,2397704,118288,,36139000
3/12/2021,65_84,364907,160364,54282,8669165,24316,290268,18664,151,8,0,0,300,34,108,178478,98445,,9316000
3/12/2021,85+,140859,81596,45429,1380249,628,306915,18691,55,9,0,0,87,29,77,49201,32281,,1457000
3/13/2021,00_17,558635,5266,59,7818,329,52,1,0,0,0,0,720,0,5,513466,4956,,10117000
3/13/2021,18_64,2731448,136405,11456,9926529,441591,469646,17735,360,8,0,0,2611,15,189,2399939,118453,,36139000
3/13/2021,65_84,365098,160493,54325,8698927,29762,301323,11055,154,3,0,0,191,43,129,178526,98525,,9316000
3/13/2021,85+,140923,81658,45469,1380683,434,315985,9070,55,0,0,0,64,40,62,49199,32300,,1457000
3/14/2021,00_17,559497,5280,59,7873,55,53,1,0,0,0,0,862,0,14,514252,4969,,10117000
3/14/2021,18_64,2734055,136569,11469,10137099,210570,479752,10106,372,12,0,0,2607,13,164,2402196,118596,,36139000
3/14/2021,65_84,365288,160604,54367,8713092,14165,303632,2309,155,1,0,0,190,42,111,178592,98589,,9316000
3/14/2021,85+,140968,81723,45497,1380831,148,316982,997,56,1,0,0,45,28,65,49175,32334,,1457000
3/15/2021,00_17,561009,5293,59,7912,39,55,2,0,0,0,0,1512,0,13,515643,4981,,10117000
3/15/2021,18_64,2737807,136762,11487,10439624,302525,503760,24008,380,8,0,0,3752,18,193,2405487,118762,,36139000
3/15/2021,65_84,365570,160760,54401,8730112,17020,308343,4711,156,1,0,0,282,34,156,178697,98703,,9316000
3/15/2021,85+,141048,81790,45533,1381179,348,318732,1750,56,0,0,0,80,36,67,49183,32362,,1457000
3/16/2021,00_17,562382,5300,59,8001,89,64,9,0,0,0,0,1373,0,7,516911,4988,,10117000
3/16/2021,18_64,2741045,136927,11492,10795901,356277,543695,39935,389,9,0,0,3238,5,165,2408329,118914,,36139000
3/16/2021,65_84,365803,160878,54440,8746177,16065,323530,15187,158,2,0,0,233,39,118,178796,98777,,9316000
3/16/2021,85+,141117,81864,45558,1381666,487,328954,10222,57,1,0,0,69,25,74,49173,32407,,1457000
3/17/2021,00_17,563927,5305,59,8188,187,70,6,0,0,0,0,1545,0,5,518341,4993,,10117000
3/17/2021,18_64,2744254,137086,11501,11171450,375549,593930,50235,406,17,0,0,3209,9,159,2411149,119057,,36139000
3/17/2021,65_84,366028,161012,54474,8760111,13934,347259,23729,168,10,0,0,225,34,134,178871,98870,,9316000
3/17/2021,85+,141175,81908,45581,1382130,464,346498,17544,62,5,0,0,58,23,44,49183,32426,,1457000
3/18/2021,00_17,565297,5313,59,8470,282,77,7,0,0,0,0,1370,0,8,519605,5001,,10117000
3/18/2021,18_64,2747318,137249,11515,11615675,444225,650136,56206,442,36,0,0,3064,14,163,2413832,119198,,36139000
3/18/2021,65_84,366218,161137,54492,8774017,13906,375399,28140,177,9,0,0,190,18,125,178922,98971,,9316000
3/18/2021,85+,141220,81963,45600,1382682,552,366205,19707,64,2,0,0,45,19,55,49169,32460,,1457000
3/19/2021,00_17,566521,5322,59,8769,299,83,6,0,0,0,0,1224,0,9,520733,5009,,10117000
3/19/2021,18_64,2750154,137387,11521,12143050,527375,700421,50285,481,39,0,0,2836,6,138,2416327,119323,,36139000
3/19/2021,65_84,366422,161224,54514,8788452,14435,404533,29134,181,4,0,0,204,22,87,179025,99032,,9316000
3/19/2021,85+,141277,82012,45628,1383191,509,384580,18375,68,4,0,0,57,28,49,49173,32478,,1457000
3/20/2021,00_17,567451,5336,59,9015,246,98,15,0,0,0,0,930,0,14,521582,5022,,10117000
3/20/2021,18_64,2752514,137513,11531,12823030,679980,733486,33065,494,13,0,0,2360,10,126,2418392,119433,,36139000
3/20/2021,65_84,366595,161316,54541,8805082,16630,429437,24904,183,2,0,0,173,27,92,179093,99093,,9316000
3/20/2021,85+,141320,82067,45650,1383559,368,396098,11518,69,1,0,0,43,22,55,49158,32509,,1457000
3/21/2021,00_17,569263,5345,59,9073,58,117,19,0,0,0,0,1812,0,9,523256,5031,,10117000
3/21/2021,18_64,2755189,137647,11541,13111563,288533,753940,20454,533,39,0,0,2675,10,134,2420742,119551,,36139000
3/21/2021,65_84,366751,161402,54566,8811095,6013,435775,6338,187,4,0,0,156,25,86,179152,99150,,9316000
3/21/2021,85+,141353,82117,45686,1383687,128,398338,2240,69,0,0,0,33,36,50,49139,32520,,1457000
3/22/2021,00_17,570954,5357,59,9133,60,119,2,0,0,0,0,1691,0,12,524814,5042,,10117000
3/22/2021,18_64,2758592,137779,11558,13370865,259302,799952,46012,569,36,0,0,3403,17,132,2423770,119660,,36139000
3/22/2021,65_84,366977,161505,54589,8817498,6403,447837,12062,193,6,0,0,226,23,103,179259,99225,,9316000
3/22/2021,85+,141420,82164,45706,1383944,257,403168,4830,70,1,0,0,67,20,47,49154,32545,,1457000
3/23/2021,00_17,572325,5371,59,9326,193,124,5,0,0,0,0,1371,0,14,526073,5056,,10117000
3/23/2021,18_64,2761554,137917,11567,13626172,255307,870686,70734,584,15,0,0,2962,9,138,2426383,119782,,36139000
3/23/2021,65_84,367135,161579,54611,8824334,6836,489862,42025,205,12,0,0,158,22,74,179332,99273,,9316000
3/23/2021,85+,141477,82231,45723,1384308,364,425818,22650,73,3,0,0,57,17,67,49140,32592,,1457000
3/24/2021,00_17,574184,5378,59,9768,442,149,25,0,0,0,0,1859,0,7,527792,5062,,10117000
3/24/2021,18_64,2764749,138049,11573,13888910,262738,957082,86396,611,27,0,0,3195,6,132,2429217,119902,,36139000
3/24/2021,65_84,367322,161670,54630,8831401,7067,569921,80059,214,9,0,0,187,19,91,179414,99341,,9316000
3/24/2021,85+,141537,82276,45733,1384758,450,468627,42809,78,5,0,0,60,10,45,49151,32625,,1457000
3/25/2021,00_17,575740,5388,59,10366,598,179,30,0,0,0,0,1556,0,10,529227,5072,,10117000
3/25/2021,18_64,2767589,138181,11582,14164363,275453,1044754,87672,634,23,0,0,2840,9,132,2431723,120018,,36139000
3/25/2021,65_84,367517,161767,54650,8839237,7836,656083,86162,234,20,0,0,195,20,97,179498,99413,,9316000
3/25/2021,85+,141598,82325,45742,1385281,523,514593,45966,93,15,0,0,61,9,49,49158,32662,,1457000
3/26/2021,00_17,576803,5401,60,10827,461,221,42,0,0,0,0,1063,1,13,530201,5083,,10117000
3/26/2021,18_64,2770078,138290,11588,14477284,312921,1133797,89043,660,26,0,0,2489,6,109,2433925,120116,,36139000
3/26/2021,65_84,367696,161857,54669,8846742,7505,744959,88876,241,7,0,0,179,19,90,179575,99480,,9316000
3/26/2021,85+,141639,82358,45757,1385824,543,557296,42703,98,5,0,0,41,15,33,49163,32679,,1457000
3/27/2021,00_17,577688,5407,60,11239,412,236,15,0,0,0,0,885,0,6,531017,5089,,10117000
3/27/2021,18_64,2772157,138389,11595,14882366,405082,1215429,81632,677,17,0,0,2079,7,99,2435756,120204,,36139000
3/27/2021,65_84,367823,161932,54680,8855569,8827,845961,101002,251,10,0,0,127,11,75,179617,99540,,9316000
3/27/2021,85+,141669,82394,45771,1386247,423,603088,45792,106,8,0,0,30,14,36,49155,32699,,1457000
3/28/2021,00_17,579462,5414,60,11372,133,241,5,0,0,0,0,1774,0,7,532657,5096,,10117000
3/28/2021,18_64,2774687,138489,11602,15088592,206226,1256789,41360,681,4,0,0,2530,7,100,2438006,120292,,36139000
3/28/2021,65_84,367953,162008,54693,8859412,3843,881228,35267,255,4,0,0,130,13,76,179662,99600,,9316000
3/28/2021,85+,141700,82432,45778,1386398,151,617218,14130,107,1,0,0,31,7,38,49146,32728,,1457000
3/29/2021,00_17,580289,5421,60,11457,85,247,6,0,0,0,0,827,0,7,533418,5102,,10117000
3/29/2021,18_64,2777068,138591,11607,15258434,169842,1329936,73147,703,22,0,0,2381,5,102,2440115,120384,,36139000
3/29/2021,65_84,368108,162077,54709,8863927,4515,922884,41656,261,6,0,0,155,16,69,179737,99650,,9316000
3/29/2021,85+,141733,82460,45784,1386693,295,630965,13747,113,6,0,0,33,6,28,49149,32749,,1457000
3/30/2021,00_17,581072,5433,60,11661,204,257,10,0,0,0,0,783,0,12,534133,5114,,10117000
3/30/2021,18_64,2779197,138698,11615,15422383,163949,1423648,93712,726,23,0,0,2129,8,107,2441984,120478,,36139000
3/30/2021,65_84,368270,162144,54726,8868902,4975,1020513,97629,284,23,0,0,162,17,67,179821,99696,,9316000
3/30/2021,85+,141775,82491,45797,1387069,376,671781,40816,118,5,0,0,42,13,31,49157,32765,,1457000
3/31/2021,00_17,582056,5444,60,11995,334,282,25,0,0,0,0,984,0,11,535036,5124,,10117000
3/31/2021,18_64,2781357,138807,11624,15596733,174350,1529735,106087,766,40,0,0,2160,9,109,2443881,120573,,36139000
3/31/2021,65_84,368418,162211,54739,8874036,5134,1186244,165731,296,12,0,0,148,13,67,179891,99747,,9316000
3/31/2021,85+,141810,82529,45812,1387507,438,734832,63051,122,4,0,0,35,15,38,49151,32787,,1457000
4/1/2021,00_17,582884,5450,60,12425,430,327,45,0,0,0,0,828,0,6,535799,5130,,10117000
4/1/2021,18_64,2783425,138892,11631,15712101,115368,1647898,118163,791,25,0,0,2068,7,85,2445716,120647,,36139000
4/1/2021,65_84,368538,162277,54754,8877575,3539,1393089,206845,327,31,0,0,120,15,66,179936,99795,,9316000
4/1/2021,85+,141847,82552,45819,1387885,378,813584,78752,128,6,0,0,37,7,23,49163,32801,,1457000
4/2/2021,00_17,583448,5457,60,12635,210,346,19,0,0,0,0,564,0,7,536316,5137,,10117000
4/2/2021,18_64,2784948,138973,11637,15778352,66251,1713184,65286,799,8,0,0,1523,6,81,2447050,120718,,36139000
4/2/2021,65_84,368653,162334,54764,8879179,1604,1496258,103169,335,8,0,0,115,10,57,179986,99839,,9316000
4/2/2021,85+,141878,82585,45825,1388010,125,856722,43138,132,4,0,0,31,6,33,49158,32827,,1457000
4/3/2021,00_17,583966,5464,60,12771,136,358,12,0,0,0,0,518,0,7,536790,5143,,10117000
4/3/2021,18_64,2786431,139057,11640,15850827,72475,1768647,55463,803,4,0,0,1483,3,84,2448343,120795,,36139000
4/3/2021,65_84,368746,162394,54777,8881108,1929,1566801,70543,342,7,0,0,93,13,60,180013,99883,,9316000
4/3/2021,85+,141896,82613,45836,1388144,134,882412,25690,138,6,0,0,18,11,28,49147,32843,,1457000
4/4/2021,00_17,584563,5470,60,12783,12,363,5,0,0,0,0,597,0,6,537338,5149,,10117000
4/4/2021,18_64,2787758,139136,11641,15876197,25370,1791466,22819,805,2,0,0,1327,1,79,2449496,120869,,36139000
4/4/2021,65_84,368839,162439,54790,8881728,620,1576293,9492,343,1,0,0,93,13,45,180054,99913,,9316000
4/4/2021,85+,141918,82639,45847,1388177,33,886863,4451,138,0,0,0,22,11,26,49142,32856,,1457000
4/5/2021,00_17,585170,5483,60,12816,33,368,5,0,0,0,0,607,0,13,537889,5161,,10117000
4/5/2021,18_64,2789310,139223,11644,15892934,16737,1823881,32415,807,2,0,0,1552,3,87,2450850,120949,,36139000
4/5/2021,65_84,368949,162500,54794,8882243,515,1586726,10433,345,2,0,0,110,4,61,180095,99967,,9316000
4/5/2021,85+,141958,82666,45851,1388206,29,890862,3999,138,0,0,0,40,4,27,49152,32878,,1457000
4/6/2021,00_17,585697,5486,60,12836,20,374,6,0,0,0,0,527,0,3,538375,5164,,10117000
4/6/2021,18_64,2791311,139329,11649,15941170,48236,1900490,76609,836,29,0,0,2001,5,106,2452602,121045,,36139000
4/6/2021,65_84,369093,162548,54805,8884142,1899,1647139,60413,353,8,0,0,144,11,48,180181,100002,,9316000
4/6/2021,85+,142002,82692,45858,1388370,164,906568,15706,142,4,0,0,44,7,26,49167,32896,,1457000
4/7/2021,00_17,586366,5493,60,12979,143,405,31,0,0,0,0,669,0,7,538989,5171,,10117000
4/7/2021,18_64,2793205,139419,11652,15993608,52438,2013091,112601,876,40,0,0,1894,3,90,2454271,121128,,36139000
4/7/2021,65_84,369226,162606,54816,8886644,2502,1851958,204819,371,18,0,0,133,11,58,180246,100046,,9316000
4/7/2021,85+,142035,82726,45868,1388663,293,957665,51097,147,5,0,0,33,10,34,49163,32918,,1457000
4/8/2021,00_17,586970,5500,60,13152,173,438,33,0,0,0,0,604,0,7,539543,5178,,10117000
4/8/2021,18_64,2795067,139512,11655,16042954,49346,2131206,118115,930,54,0,0,1862,3,93,2455907,121213,,36139000
4/8/2021,65_84,369360,162652,54830,8889321,2677,2077517,225559,386,15,0,0,134,14,46,180325,100076,,9316000
4/8/2021,85+,142072,82746,45884,1388958,295,1006978,49313,155,8,0,0,37,16,20,49178,32921,,1457000
4/9/2021,00_17,587472,5506,60,13386,234,491,53,0,0,0,0,502,0,6,540003,5183,,10117000
4/9/2021,18_64,2796850,139590,11656,16100197,57243,2251874,120668,965,35,0,0,1783,1,78,2457485,121286,,36139000
4/9/2021,65_84,369512,162717,54838,8892168,2847,2303050,225533,398,12,0,0,152,8,65,180401,100130,,9316000
4/9/2021,85+,142105,82764,45895,1389244,286,1057815,50837,159,4,0,0,33,11,18,49190,32927,,1457000
4/10/2021,00_17,587912,5511,60,13654,268,555,64,0,0,0,0,440,0,5,540407,5188,,10117000
4/10/2021,18_64,2798247,139661,11659,16172211,72014,2364532,112658,994,29,0,0,1397,3,71,2458711,121351,,36139000
4/10/2021,65_84,369645,162768,54846,8894758,2590,2586860,283810,414,16,0,0,133,8,51,180473,100171,,9316000
4/10/2021,85+,142132,82788,45903,1389451,207,1098517,40702,165,6,0,0,27,8,24,49191,32942,,1457000
4/11/2021,00_17,588506,5518,60,13768,114,580,25,0,0,0,0,594,0,7,540951,5195,,10117000
4/11/2021,18_64,2799565,139753,11663,16206632,34421,2418672,54140,1004,10,0,0,1318,4,92,2459843,121435,,36139000
4/11/2021,65_84,369734,162814,54855,8895853,1095,2673130,86270,422,8,0,0,89,9,46,180510,100205,,9316000
4/11/2021,85+,142144,82818,45911,1389535,84,1111846,13329,168,3,0,0,12,8,30,49172,32963,,1457000
4/12/2021,00_17,589044,5525,60,13820,52,592,12,0,0,0,0,538,0,7,541444,5201,,10117000
4/12/2021,18_64,2801249,139836,11666,16228921,22289,2490065,71393,1040,36,0,0,1684,3,83,2461323,121511,,36139000
4/12/2021,65_84,369861,162879,54872,8897173,1320,2751273,78143,428,6,0,0,127,17,65,180563,100250,,9316000
4/12/2021,85+,142186,82836,45918,1389650,115,1124923,13077,171,3,0,0,42,7,18,49193,32973,,1457000
4/13/2021,00_17,589467,5526,60,13856,36,618,26,0,0,0,0,423,0,1,541836,5202,,10117000
4/13/2021,18_64,2802705,139916,11670,16263791,34870,2580232,90167,1072,32,0,0,1456,4,80,2462595,121583,,36139000
4/13/2021,65_84,369989,162926,54883,8898624,1451,2871239,119966,440,12,0,0,128,11,47,180635,100284,,9316000
4/13/2021,85+,142229,82861,45923,1389821,171,1141233,16310,178,7,0,0,43,5,25,49208,32992,,1457000
4/14/2021,00_17,589933,5535,60,13919,63,653,35,0,0,0,0,466,0,9,542259,5211,,10117000
4/14/2021,18_64,2804150,139993,11673,16341085,77294,2680351,100119,1098,26,0,0,1445,3,77,2463860,121653,,36139000
4/14/2021,65_84,370107,162968,54888,8900275,1651,3037572,166333,459,19,0,0,118,5,42,180702,100319,,9316000
4/14/2021,85+,142260,82889,45925,1390052,231,1158374,17141,183,5,0,0,31,2,28,49209,33016,,1457000
4/15/2021,00_17,590420,5539,60,14001,82,699,46,0,0,0,0,487,0,4,542708,5215,,10117000
4/15/2021,18_64,2805487,140054,11674,16434040,92955,2790427,110076,1128,30,0,0,1337,1,61,2465041,121710,,36139000
4/15/2021,65_84,370214,163014,54896,8902038,1763,3261112,223540,472,13,0,0,107,8,46,180756,100355,,9316000
4/15/2021,85+,142280,82905,45934,1390254,202,1180549,22175,189,6,0,0,20,9,16,49212,33023,,1457000
4/16/2021,00_17,590843,5542,60,14189,188,766,67,0,0,0,0,423,0,3,543097,5218,,10117000
4/16/2021,18_64,2806860,140116,11675,16535568,101528,2901667,111240,1161,33,0,0,1373,1,62,2466254,121768,,36139000
4/16/2021,65_84,370339,163049,54908,8903766,1728,3561963,300851,488,16,0,0,125,12,35,180837,100376,,9316000
4/16/2021,85+,142305,82923,45938,1390435,181,1202380,21831,196,7,0,0,25,4,18,49217,33036,,1457000
4/17/2021,00_17,591152,5546,60,14453,264,879,113,0,0,0,0,309,0,4,543380,5221,,10117000
4/17/2021,18_64,2807852,140180,11679,16650207,114639,3015211,113544,1183,22,0,0,992,4,64,2467111,121825,,36139000
4/17/2021,65_84,370413,163092,54918,8905405,1639,3894048,332085,519,31,0,0,74,10,43,180862,100407,,9316000
4/17/2021,85+,142321,82947,45945,1390547,112,1222137,19757,203,7,0,0,16,7,24,49208,33052,,1457000
4/18/2021,00_17,592045,5548,60,14584,131,903,24,0,0,0,0,893,0,2,544208,5223,,10117000
4/18/2021,18_64,2809143,140234,11679,16719966,69759,3071103,55892,1200,17,0,0,1291,0,54,2468255,121877,,36139000
4/18/2021,65_84,370486,163129,54925,8906088,683,4020888,126840,523,4,0,0,73,7,37,180893,100435,,9316000
4/18/2021,85+,142340,82966,45954,1390597,50,1228288,6151,204,1,0,0,19,9,19,49206,33061,,1457000
4/19/2021,00_17,592635,5552,60,14601,17,919,16,0,0,0,0,590,0,4,544751,5227,,10117000
4/19/2021,18_64,2810647,140295,11681,16801560,81594,3135481,64378,1234,34,0,0,1504,2,61,2469591,121933,,36139000
4/19/2021,65_84,370619,163186,54934,8907103,1015,4143146,122258,536,13,0,0,133,9,57,180960,100481,,9316000
4/19/2021,85+,142370,82982,45959,1390704,107,1237166,8878,207,3,0,0,30,5,16,49218,33071,,1457000
4/20/2021,00_17,593134,5554,60,14634,33,957,38,0,0,0,0,499,0,2,545213,5229,,10117000
4/20/2021,18_64,2812094,140341,11685,16884008,82448,3221921,86440,1268,34,0,0,1447,4,46,2470889,121973,,36139000
4/20/2021,65_84,370751,163222,54942,8908413,1310,4310145,166999,555,19,0,0,132,8,36,181046,100507,,9316000
4/20/2021,85+,142396,82996,45964,1390862,158,1247293,10127,215,8,0,0,26,5,14,49228,33079,,1457000
4/21/2021,00_17,593803,5557,60,14714,80,1019,62,0,0,0,0,669,0,3,545831,5232,,10117000
4/21/2021,18_64,2813567,140400,11687,16976070,92062,3328182,106261,1307,39,0,0,1473,2,59,2472197,122027,,36139000
4/21/2021,65_84,370872,163266,54949,8909924,1511,4524936,214791,586,31,0,0,121,7,44,181115,100542,,9316000
4/21/2021,85+,142425,83016,45972,1391068,206,1258126,10833,225,10,0,0,29,8,20,49235,33090,,1457000
4/22/2021,00_17,594333,5561,60,14795,81,1099,80,0,0,0,0,530,0,4,546319,5236,,10117000
4/22/2021,18_64,2814931,140441,11689,17078197,102127,3439133,110951,1346,39,0,0,1364,2,41,2473423,122064,,36139000
4/22/2021,65_84,370983,163297,54958,8911403,1479,4747357,222421,613,27,0,0,111,9,31,181187,100562,,9316000
4/22/2021,85+,142446,83032,45976,1391228,160,1267598,9472,225,0,0,0,21,4,16,49239,33102,,1457000
4/23/2021,00_17,594716,5567,60,14925,130,1189,90,0,0,0,0,383,0,6,546669,5241,,10117000
4/23/2021,18_64,2816117,140500,11694,17185476,107279,3560257,121124,1382,36,0,0,1186,5,59,2474465,122115,,36139000
4/23/2021,65_84,371087,163341,54966,8912947,1544,5003945,256588,646,33,0,0,104,8,44,181239,100596,,9316000
4/23/2021,85+,142473,83047,45982,1391375,147,1276378,8780,229,4,0,0,27,6,15,49249,33110,,1457000
4/24/2021,00_17,595050,5572,60,15105,180,1315,126,0,0,0,0,334,0,5,546974,5246,,10117000
4/24/2021,18_64,2816975,140545,11694,17310287,124811,3703710,143453,1407,25,0,0,858,0,45,2475217,122158,,36139000
4/24/2021,65_84,371180,163374,54970,8914468,1521,5337517,333572,681,35,0,0,93,4,33,181293,100624,,9316000
4/24/2021,85+,142486,83063,45985,1391460,85,1283666,7288,236,7,0,0,13,3,16,49245,33122,,1457000
4/25/2021,00_17,595727,5575,60,15178,73,1367,52,0,0,0,0,677,0,3,547600,5249,,10117000
4/25/2021,18_64,2818098,140592,11696,17371720,61433,3775832,72122,1417,10,0,0,1123,2,47,2476213,122201,,36139000
4/25/2021,65_84,371259,163409,54978,8915140,672,5482606,145089,697,16,0,0,79,8,35,181331,100649,,9316000
4/25/2021,85+,142501,83085,45987,1391499,39,1286981,3315,238,2,0,0,15,2,22,49237,33141,,1457000
4/26/2021,00_17,596331,5579,60,15220,42,1417,50,0,0,0,0,604,0,4,548156,5253,,10117000
4/26/2021,18_64,2819631,140638,11699,17433785,62065,3857060,81228,1449,32,0,0,1533,3,46,2477590,122241,,36139000
4/26/2021,65_84,371364,163453,54981,8916106,966,5628936,146330,724,27,0,0,105,3,44,181385,100688,,9316000
4/26/2021,85+,142520,83099,45991,1391609,110,1292008,5027,242,4,0,0,19,4,14,49241,33150,,1457000
4/27/2021,00_17,596843,5589,60,15275,55,1521,104,0,0,0,0,512,0,10,548622,5262,,10117000
4/27/2021,18_64,2820811,140696,11702,17517413,83628,3966967,109907,1478,29,0,0,1180,3,58,2478628,122294,,36139000
4/27/2021,65_84,371457,163493,54987,8917316,1210,5816726,187790,757,33,0,0,93,6,40,181431,100720,,9316000
4/27/2021,85+,142539,83119,45995,1391742,133,1297735,5727,249,7,0,0,19,4,20,49238,33165,,1457000
4/28/2021,00_17,597545,5593,60,15394,119,1638,117,0,0,0,0,702,0,4,549270,5266,,10117000
4/28/2021,18_64,2822141,140741,11704,17619055,101642,4106138,139171,1506,28,0,0,1330,2,45,2479818,122335,,36139000
4/28/2021,65_84,371555,163523,54996,8918693,1377,6053746,237020,795,38,0,0,98,9,30,181492,100740,,9316000
4/28/2021,85+,142554,83129,45999,1391890,148,1304546,6811,253,4,0,0,15,4,10,49242,33171,,1457000
4/29/2021,00_17,598068,5596,60,15498,104,1748,110,0,0,0,0,523,0,3,549752,5269,,10117000
4/29/2021,18_64,2823367,140789,11707,17729779,110724,4257274,151136,1542,36,0,0,1226,3,48,2480908,122377,,36139000
4/29/2021,65_84,371643,163543,55000,8920233,1540,6288467,234721,830,35,0,0,88,4,20,181554,100755,,9316000
4/29/2021,85+,142569,83138,46005,1392053,163,1310648,6102,263,10,0,0,15,6,9,49247,33174,,1457000
4/30/2021,00_17,598434,5602,60,15618,120,1858,110,0,0,0,0,366,0,6,550086,5275,,10117000
4/30/2021,18_64,2824428,140828,11710,17844228,114449,4407499,150225,1575,33,0,0,1061,3,39,2481855,122411,,36139000
4/30/2021,65_84,371709,163567,55005,8921677,1444,6486676,198209,861,31,0,0,66,5,24,181591,100773,,9316000
4/30/2021,85+,142596,83151,46009,1392188,135,1315498,4850,269,6,0,0,27,4,13,49259,33182,,1457000
5/1/2021,00_17,598744,5605,60,15710,92,1981,123,0,0,0,0,310,0,3,550371,5278,,10117000
5/1/2021,18_64,2825259,140865,11711,17966940,122712,4548009,140510,1595,20,0,0,831,1,37,2482589,122446,,36139000
5/1/2021,65_84,371764,163585,55011,8922712,1035,6675138,188462,883,22,0,0,55,6,18,181624,100784,,9316000
5/1/2021,85+,142607,83161,46010,1392240,52,1318163,2665,271,2,0,0,11,1,10,49259,33190,,1457000
5/2/2021,00_17,599207,5610,60,15757,47,2026,45,0,0,0,0,463,0,5,550796,5282,,10117000
5/2/2021,18_64,2826021,140913,11713,18037764,70824,4606201,58192,1606,11,0,0,762,2,48,2483249,122489,,36139000
5/2/2021,65_84,371831,163608,55014,8923165,453,6749320,74182,891,8,0,0,67,3,23,181663,100803,,9316000
5/2/2021,85+,142619,83177,46017,1392262,22,1319112,949,271,0,0,0,12,7,16,49254,33199,,1457000
5/3/2021,00_17,599839,5618,60,15772,15,2039,13,0,0,0,0,632,0,8,551375,5290,,10117000
5/3/2021,18_64,2827104,140964,11714,18096318,58554,4642045,35844,1618,12,0,0,1083,1,51,2484204,122537,,36139000
5/3/2021,65_84,371909,163638,55019,8923552,387,6806214,56894,901,10,0,0,78,5,30,181706,100826,,9316000
5/3/2021,85+,142631,83185,46021,1392280,18,1319706,594,273,2,0,0,12,4,8,49258,33202,,1457000
5/4/2021,00_17,600531,5626,60,15791,19,2094,55,0,0,0,0,692,0,8,552009,5298,,10117000
5/4/2021,18_64,2828484,141003,11715,18193723,97405,4737797,95752,1634,16,0,0,1380,1,39,2485446,122573,,36139000
5/4/2021,65_84,372005,163657,55025,8924423,871,6912841,106627,913,12,0,0,96,6,19,181776,100838,,9316000
5/4/2021,85+,142654,83194,46023,1392355,75,1322209,2503,277,4,0,0,23,2,9,49270,33209,,1457000
5/5/2021,00_17,601248,5632,60,15869,78,2335,241,1,1,0,0,717,0,6,552669,5303,,10117000
5/5/2021,18_64,2829857,141059,11715,18300426,106703,4929495,191698,1675,41,0,0,1373,0,56,2486665,122626,,36139000
5/5/2021,65_84,372088,163676,55033,8925550,1127,7066148,153307,933,20,0,0,83,8,19,181834,100848,,9316000
5/5/2021,85+,142673,83208,46028,1392469,114,1325608,3399,277,0,0,0,19,5,14,49274,33217,,1457000
5/6/2021,00_17,601827,5636,60,16016,147,2795,460,1,0,0,0,579,0,4,553203,5307,,10117000
5/6/2021,18_64,2831136,141114,11716,18401365,100939,5178797,249302,1717,42,0,0,1279,1,55,2487798,122678,,36139000
5/6/2021,65_84,372176,163696,55037,8926853,1303,7234653,168505,963,30,0,0,88,4,20,181896,100863,,9316000
5/6/2021,85+,142689,83217,46030,1392579,110,1329028,3420,285,8,0,0,16,2,9,49279,33224,,1457000
5/7/2021,00_17,602254,5638,60,16191,175,3193,398,1,0,0,0,427,0,2,553597,5309,,10117000
5/7/2021,18_64,2832258,141152,11719,18510260,108895,5440797,262000,1756,39,0,0,1122,3,38,2488801,122711,,36139000
5/7/2021,65_84,372260,163720,55041,8928000,1147,7383686,149033,983,20,0,0,84,4,24,181950,100882,,9316000
5/7/2021,85+,142708,83230,46033,1392675,96,1332077,3049,291,6,0,0,19,3,13,49284,33233,,1457000
5/8/2021,00_17,602623,5641,60,16304,113,3558,365,1,0,0,0,369,0,3,553937,5312,,10117000
5/8/2021,18_64,2833112,141192,11719,18649729,139469,5709206,268409,1787,31,0,0,854,0,40,2489554,122749,,36139000
5/8/2021,65_84,372324,163743,55048,8929203,1203,7517603,133917,1010,27,0,0,64,7,23,181986,100897,,9316000
5/8/2021,85+,142720,83244,46035,1392748,73,1334025,1948,294,3,0,0,12,2,14,49281,33245,,1457000
5/9/2021,00_17,603354,5642,60,16344,40,3662,104,1,0,0,0,731,0,1,554615,5313,,10117000
5/9/2021,18_64,2834278,141231,11722,18724147,74418,5810565,101359,1798,11,0,0,1166,3,39,2490598,122783,,36139000
5/9/2021,65_84,372397,163768,55052,8929709,506,7571465,53862,1018,8,0,0,73,4,25,182029,100917,,9316000
5/9/2021,85+,142733,83255,46036,1392777,29,1334782,757,295,1,0,0,13,1,11,49282,33254,,1457000
5/10/2021,00_17,604138,5651,60,16393,49,3735,73,1,0,0,0,784,0,9,555334,5321,,10117000
5/10/2021,18_64,2835726,141270,11723,18798551,74404,5924151,113586,1822,24,0,0,1448,1,39,2491904,122819,,36139000
5/10/2021,65_84,372461,163790,55056,8930432,723,7636092,64627,1028,10,0,0,64,4,22,182066,100934,,9316000
5/10/2021,85+,142753,83261,46041,1392841,64,1336250,1468,296,1,0,0,20,5,6,49295,33255,,1457000
5/11/2021,00_17,604677,5660,60,16562,169,4149,414,1,0,0,0,539,0,9,555825,5330,,10117000
5/11/2021,18_64,2836940,141312,11725,18898572,100021,6143398,219247,1862,40,0,0,1214,2,42,2492989,122857,,36139000
5/11/2021,65_84,372553,163808,55061,8931607,1175,7722107,86015,1052,24,0,0,92,5,18,182134,100946,,9316000
5/11/2021,85+,142776,83271,46048,1392926,85,1338417,2167,299,3,0,0,23,7,10,49306,33257,,1457000
5/12/2021,00_17,605248,5664,60,16960,398,5027,878,1,0,0,0,571,0,4,556352,5334,,10117000
5/12/2021,18_64,2838138,141360,11727,19050785,152213,6442865,299467,1926,64,0,0,1198,2,48,2494053,122901,,36139000
5/12/2021,65_84,372631,163834,55066,8933092,1485,7825028,102921,1075,23,0,0,78,5,26,182180,100966,,9316000
5/12/2021,85+,142795,83286,46050,1393039,113,1340960,2543,302,3,0,0,19,2,15,49309,33270,,1457000
5/13/2021,00_17,605756,5666,60,17358,398,5830,803,1,0,0,0,508,0,2,556821,5336,,10117000
5/13/2021,18_64,2839288,141408,11729,19229500,178715,6726609,283744,1987,61,0,0,1150,2,48,2495073,122945,,36139000
5/13/2021,65_84,372697,163846,55069,8934595,1503,7917106,92078,1105,30,0,0,66,3,12,182229,100974,,9316000
5/13/2021,85+,142805,83298,46051,1393133,94,1343134,2174,304,2,0,0,10,1,12,49306,33280,,1457000
5/14/2021,00_17,606233,5670,60,17695,337,6369,539,1,0,0,0,477,0,4,557260,5340,,10117000
5/14/2021,18_64,2840270,141447,11730,19419133,189633,6982537,255928,2045,58,0,0,982,1,39,2495946,122981,,36139000
5/14/2021,65_84,372755,163867,55069,8936054,1459,8000588,83482,1126,21,0,0,58,0,21,182262,100994,,9316000
5/14/2021,85+,142825,83306,46053,1393235,102,1344968,1834,308,4,0,0,20,2,8,49317,33286,,1457000
5/15/2021,00_17,606629,5672,60,18160,465,6829,460,1,0,0,0,396,0,2,557626,5341,,10117000
5/15/2021,18_64,2841104,141490,11732,19632417,213284,7265865,283328,2086,41,0,0,834,2,43,2496678,123020,,36139000
5/15/2021,65_84,372813,163888,55074,8937499,1445,8072329,71741,1151,25,0,0,58,5,21,182295,101009,,9316000
5/15/2021,85+,142833,83310,46054,1393306,71,1346214,1246,309,1,0,0,8,1,4,49320,33288,,1457000
5/16/2021,00_17,607230,5675,60,18426,266,6945,116,1,0,0,0,601,0,3,558181,5344,,10117000
5/16/2021,18_64,2842016,141525,11733,19741162,108745,7384979,119114,2103,17,0,0,912,1,35,2497489,123052,,36139000
5/16/2021,65_84,372874,163902,55078,8938098,599,8107914,35585,1160,9,0,0,61,4,14,182338,101019,,9316000
5/16/2021,85+,142843,83317,46055,1393339,33,1346618,404,309,0,0,0,10,1,7,49322,33294,,1457000
